<?xml version="1.0" encoding="UTF-8"?>
<project-private xmlns="http://www.netbeans.org/ns/project-private/1">
    <editor-bookmarks xmlns="http://www.netbeans.org/ns/editor-bookmarks/2" lastBookmarkId="0"/>
    <open-files xmlns="http://www.netbeans.org/ns/projectui-open-files/2">
        <group>
            <file>file:/C:/Users/hburi/OneDrive/Documentos/NetBeansProjects/SpotiFEI/src/spotifei/Main.java</file>
            <file>file:/C:/Users/hburi/OneDrive/Documentos/NetBeansProjects/SpotiFEI/src/spotifei/view/Interface_principalMDI.java</file>
            <file>file:/C:/Users/hburi/OneDrive/Documentos/NetBeansProjects/SpotiFEI/src/spotifei/view/Interface_cadastro.java</file>
            <file>file:/C:/Users/hburi/OneDrive/Documentos/NetBeansProjects/SpotiFEI/src/spotifei/model/Usuario.java</file>
            <file>file:/C:/Users/hburi/OneDrive/Documentos/NetBeansProjects/SpotiFEI/src/controller/ControllerCadastro.java</file>
            <file>file:/C:/Users/hburi/OneDrive/Documentos/NetBeansProjects/SpotiFEI/src/controller/ControllerLogin.java</file>
            <file>file:/C:/Users/hburi/OneDrive/Documentos/NetBeansProjects/SpotiFEI/src/spotifei/view/Interface_AltExc.java</file>
            <file>file:/C:/Users/hburi/OneDrive/Documentos/NetBeansProjects/SpotiFEI/src/DAO/PessoaDAO.java</file>
            <file>file:/C:/Users/hburi/OneDrive/Documentos/NetBeansProjects/SpotiFEI/src/DAO/Conexao.java</file>
            <file>file:/C:/Users/hburi/OneDrive/Documentos/NetBeansProjects/SpotiFEI/src/spotifei/view/Interface_login.java</file>
            <file>file:/C:/Users/hburi/OneDrive/Documentos/NetBeansProjects/SpotiFEI/src/controller/ControllerUsuario.java</file>
            <file>file:/C:/Users/hburi/OneDrive/Documentos/NetBeansProjects/SpotiFEI/src/spotifei/view/Interface_online.java</file>
            <file>file:/C:/Users/hburi/OneDrive/Documentos/NetBeansProjects/SpotiFEI/src/spotifei/view/Interface_busca.java</file>
            <file>file:/C:/Users/hburi/OneDrive/Documentos/NetBeansProjects/SpotiFEI/src/spotifei/model/Pessoa.java</file>
            <file>file:/C:/Users/hburi/OneDrive/Documentos/NetBeansProjects/SpotiFEI/src/spotifei/model/Artista.java</file>
            <file>file:/C:/Users/hburi/OneDrive/Documentos/NetBeansProjects/SpotiFEI/src/spotifei/model/Musica.java</file>
            <file>file:/C:/Users/hburi/OneDrive/Documentos/NetBeansProjects/SpotiFEI/src/spotifei/model/Playlist.java</file>
            <file>file:/C:/Users/hburi/OneDrive/Documentos/NetBeansProjects/SpotiFEI/src/controller/ControllerBuscar.java</file>
            <file>file:/C:/Users/hburi/OneDrive/Documentos/NetBeansProjects/SpotiFEI/src/spotifei/view/Interface_playlist.java</file>
            <file>file:/C:/Users/hburi/OneDrive/Documentos/NetBeansProjects/SpotiFEI/src/spotifei/view/Interface_editarplaylist.java</file>
            <file>file:/C:/Users/hburi/OneDrive/Documentos/NetBeansProjects/SpotiFEI/src/spotifei/view/Interface_criaplaylist.java</file>
            <file>file:/C:/Users/hburi/OneDrive/Documentos/NetBeansProjects/SpotiFEI/src/spotifei/view/Interface_excluirplaylist.java</file>
        </group>
    </open-files>
</project-private>
